<?xml version="1.0" encoding="UTF-8"?>
<session xmlns="http://winscp.net/schema/session/1.0" name="MSFTNGP@meritdirect.exavault.com" start="2019-10-28T13:46:28.747Z">
  <upload>
    <filename value="U:\MeritDownload\Download\Lightbox_20191028.txt" />
    <destination value="/Lightbox/Lightbox_20191028.txt" />
    <result success="true" />
  </upload>
  <touch>
    <filename value="/Lightbox/Lightbox_20191028.txt" />
    <modification value="2019-10-28T13:46:16.000Z" />
    <result success="true" />
  </touch>
</session>
