<?xml version="1.0" encoding="UTF-8"?>
<session xmlns="http://winscp.net/schema/session/1.0" name="MSFTNGP@meritdirect.exavault.com" start="2019-10-27T17:12:03.295Z">
  <upload>
    <filename value="U:\MeritDownload\Download\Product_BigId_20191027.txt" />
    <destination value="/Product/Product_BigId_20191027.txt" />
    <result success="true" />
  </upload>
  <touch>
    <filename value="/Product/Product_BigId_20191027.txt" />
    <modification value="2019-10-27T17:04:04.000Z" />
    <result success="true" />
  </touch>
  <upload>
    <filename value="U:\MeritDownload\Download\Product_Sku_20191027.txt" />
    <destination value="/Product/Product_Sku_20191027.txt" />
    <result success="true" />
  </upload>
  <touch>
    <filename value="/Product/Product_Sku_20191027.txt" />
    <modification value="2019-10-27T17:11:10.000Z" />
    <result success="true" />
  </touch>
  <upload>
    <filename value="U:\MeritDownload\Download\Product_SmallId_20191027.txt" />
    <destination value="/Product/Product_SmallId_20191027.txt" />
    <result success="true" />
  </upload>
  <touch>
    <filename value="/Product/Product_SmallId_20191027.txt" />
    <modification value="2019-10-27T17:08:10.000Z" />
    <result success="true" />
  </touch>
</session>
