<?xml version="1.0" encoding="UTF-8"?>
<session xmlns="http://winscp.net/schema/session/1.0" name="MSFTNGP@meritdirect.exavault.com" start="2019-10-28T20:35:46.298Z">
  <upload>
    <filename value="U:\MeritDownload\Download\OneStore_Order_20191027_20191027.txt.zip" />
    <destination value="/OneStore/OneStore_Order_20191027_20191027.txt.zip" />
    <result success="true" />
  </upload>
  <touch>
    <filename value="/OneStore/OneStore_Order_20191027_20191027.txt.zip" />
    <modification value="2019-10-28T20:35:36.000Z" />
    <result success="true" />
  </touch>
</session>
